Tasa infeasibility,Desviación general,Agregado,Tiempo de ejecución (ms)
332,0.12086805074323231,0.16716247476760315,26553
265,0.1170210467553501,0.153972921353116,29437
183,0.12470278234424038,0.15022049197213155,25152
236,0.11916870136510015,0.15207678591254448,26198
328,0.11741009910447295,0.16314675898397185,25535
