tasa_inf,desviacion_general,agr,tiempo
350,0.11569217333824672,0.16449653601454128,19155
206,0.11858286350934469,0.1473077169702495,19908
299,0.11197929088716915,0.1536721607163465,19387
253,0.11358863882105914,0.14886722098420924,20245
288,0.11812647351556466,0.1582854919463442,19691
