Tasa infeasibility,Desviación general,Agregado,Tiempo de ejecución (ms)
1918,0.23049890057195724,0.49794680803805147,18818
1908,0.2350642440355432,0.5011177411394576,18920
1909,0.2334539599419288,0.4996468980820612,18928
1911,0.23273009677078604,0.4992019169833544,18763
1933,0.23046967539459867,0.5000091984039627,18934
