tasa_inf,desviacion_general,agr,tiempo
430,0.12745701893422492,0.18741666450795827,20360
225,0.11543693859287557,0.1468111717419221,20127
249,0.12129994336250252,0.15602076138078066,20175
318,0.11789923342638194,0.162241482943701,20140
184,0.1278881418119094,0.15354529247601856,20190
