tasa_inf,desviacion_general,agr,tiempo
312,0.12477008733825401,0.16827569063826517,21071
226,0.12033215367411333,0.15184582785937784,20910
314,0.11497273326264176,0.1587572186350889,20922
280,0.11572604215439018,0.15476953229542584,29914
319,0.12066830681013627,0.1651499973636733,28036
