Tasa infeasibility,Desviación general,Agregado,Tiempo de ejecución (ms)
256,0.11475331332390676,0.15045021859571078,23698
244,0.11692003340962832,0.15094364624681655,23178
344,0.12503056242404584,0.1729982788830325,22697
264,0.1152803277750919,0.1520927613366398,21817
272,0.11661979993122218,0.15454776178251395,21529
