tasa_inf,desviacion_general,agr,tiempo
388,0.11409565427026377,0.16819877632284175,22088
307,0.12899074266004432,0.17179914077896555,21804
253,0.12547917121129526,0.16075775337444534,22304
373,0.12185505781693647,0.1738665643262447,22025
396,0.1272097020659791,0.18242835240830096,22389
