Tasa infeasibility,Desviación general,Agregado,Tiempo de ejecución (ms)
188,0.11936128709079305,0.14557620189977413,23943
275,0.12328097632070059,0.16162726128064633,27147
227,0.12335414452302935,0.15500725974451185,27686
314,0.12167739002712209,0.16546187539956922,25191
334,0.12374760750110035,0.1703209135979072,24677
