Tasa infeasibility,Desviación general,Agregado,Tiempo de ejecución (ms)
321,0.11740959133188261,0.16217016395785563,23026
272,0.11007494262824837,0.14800290447954015,22926
293,0.12363549342559978,0.16449171703746923,22964
322,0.11684265296820717,0.16174266663039819,22909
308,0.118778420320528,0.1617262594756672,22870
