Tasa infeasibility,Desviación general,Agregado,Tiempo de ejecución (ms)
641,0.14283229221114588,0.23221399642687396,20592
810,0.15290883198349575,0.26585607132006317,20691
826,0.14346475047185483,0.25864304638791,20699
1094,0.15197250840942678,0.3045210020319018,20918
824,0.16194642826137845,0.2768458421049977,20698
