tasa_inf,desviacion_general,agr,tiempo
1176,0.16367339859541552,0.3276560571877653,25067
1104,0.15619897133158256,0.31014187531623744,22967
1156,0.1612240176508138,0.32241785551880386,21613
1148,0.16318259850238065,0.32326090808062685,22138
1146,0.1517915341465233,0.3115909616523336,22313
