Tasa infeasibility,Desviación general,Agregado,Tiempo de ejecución (ms)
591,0.13840978207954854,0.22081943448437738,20103
637,0.13831279581241032,0.22713673588326644,19930
611,0.14807867323304408,0.23327714636223262,19931
532,0.14208540623178353,0.2162680374997513,20032
569,0.1483431134962265,0.22768506310425968,19873
