Tasa infeasibility,Desviación general,Agregado,Tiempo de ejecución (ms)
909,0.1497107924429779,0.2764626943651258,25879
915,0.15413646487449523,0.28172501301395103,23314
781,0.15190833067826387,0.26081177996450977,22055
687,0.15796217726538497,0.25375816914714033,22255
808,0.15903541857229936,0.27170377583643085,22093
