tasa_inf,desviacion_general,agr,tiempo
765,0.13658775438821563,0.2432601470949738,18389
655,0.12987300465850415,0.221206883381284,18143
619,0.15054068281837624,0.23685468423730865,18522
576,0.14313170173821171,0.2234497385997708,18471
521,0.13955221568464518,0.21220099555421512,18821
