Tasa infeasibility,Desviación general,Agregado,Tiempo de ejecución (ms)
765,0.13658775438821563,0.2432601470949738,23590
655,0.12987300465850415,0.221206883381284,24250
619,0.15054068281837624,0.23685468423730865,24323
576,0.14313170173821171,0.2234497385997708,22846
521,0.13955221568464518,0.21220099555421512,23605
