tasa_inf,desviacion_general,agr,tiempo
909,0.1497107924429779,0.2764626943651258,20510
915,0.15413646487449523,0.28172501301395103,20793
781,0.15190833067826387,0.26081177996450977,20822
687,0.15796217726538497,0.25375816914714033,21155
808,0.15903541857229936,0.27170377583643085,21525
