tasa_inf,desviacion_general,agr,tiempo
233,0.11977712226468085,0.15226688370347125,17406
357,0.12799901063654576,0.17777946056636623,18218
234,0.12545136566779685,0.15808056814280524,17976
332,0.11390022221064064,0.1601946462350115,17906
316,0.1110178671922186,0.1550812346371017,17388
