Tasa infeasibility,Desviación general,Agregado,Tiempo de ejecución (ms)
166,0.11845087757340174,0.14159808958558717,55134
215,0.10812849505774008,0.13810831784460675,54771
207,0.11689632903243391,0.1457606235295567,54509
210,0.11746690466512724,0.146749522270904,79154
171,0.1212412714376839,0.14508568863095925,59852
