Tasa infeasibility,Desviación general,Agregado,Tiempo de ejecución (ms)
411,0.11484919016140505,0.17215945604699667,19782
349,0.1256041142682841,0.17426903590836068,19797
332,0.1244170771043015,0.17071150112867234,19667
359,0.1284141986997695,0.17847353070202593,19317
438,0.118848250531034,0.1799234243945112,19071
