tasa_inf,desviacion_general,agr,tiempo
411,0.11484919016140505,0.17215945604699667,19335
349,0.1256041142682841,0.17426903590836068,19101
332,0.1244170771043015,0.17071150112867234,19984
359,0.1284141986997695,0.17847353070202593,18984
438,0.118848250531034,0.1799234243945112,19133
