Tasa infeasibility,Desviación general,Agregado,Tiempo de ejecución (ms)
230,0.11759451010561844,0.14966594843575487,31377
285,0.11958628890272004,0.15932698422484562,31490
258,0.1174031272191887,0.1533789145634287,31380
219,0.11304728190796084,0.14358486883969945,31459
210,0.12238341064321351,0.15166602824899025,31721
