Tasa infeasibility,Desviación general,Agregado,Tiempo de ejecución (ms)
228,0.12669209543559085,0.15848465169329132,31279
277,0.11844831441027973,0.15707348144266142,30701
314,0.12150057877735941,0.16528506414980654,30651
224,0.12259238935959701,0.15382718147242555,32161
253,0.12968384753598522,0.1649624296991353,32232
