Tasa infeasibility,Desviación general,Agregado,Tiempo de ejecución (ms)
233,0.11977712226468085,0.15226688370347125,19267
357,0.12799901063654576,0.17777946056636623,19417
234,0.12545136566779685,0.15808056814280524,18760
332,0.11390022221064064,0.1601946462350115,18951
316,0.1110178671922186,0.1550812346371017,19398
