Tasa infeasibility,Desviación general,Agregado,Tiempo de ejecución (ms)
267,0.11330919151600867,0.15053994818621053,23832
236,0.12529577954913076,0.1582038640965751,23942
225,0.11964769721300599,0.1510219303620525,24297
383,0.11745701765994969,0.17086293453143775,23968
320,0.12587960042856144,0.17050073201831648,24131
