Tasa infeasibility,Desviación general,Agregado,Tiempo de ejecución (ms)
210,0.11567078448610166,0.1449534020918784,54957
235,0.1134186977338067,0.14618734124503305,51401
227,0.10865849254154217,0.14031160776302465,50910
225,0.1092550513686331,0.14062928451767961,51448
199,0.11682762657005216,0.14457639277743106,51738
