Tasa infeasibility,Desviación general,Agregado,Tiempo de ejecución (ms)
255,0.11913207268960017,0.15468953692518622,37955
198,0.1239905725979087,0.15159989776906962,30233
292,0.12339206955065805,0.16410885212630952,29132
233,0.11438951968127703,0.14687928112006743,33229
343,0.1225684929880028,0.1703967684107715,31808
