tasa_inf,desviacion_general,agr,tiempo
455,0.14876592016772244,0.2122115916469054,19551
473,0.147601176242811,0.21355678637391767,19843
607,0.1435972294234696,0.22823793840778622,19659
385,0.14120679863025906,0.1948915975741831,19562
559,0.15907300753897047,0.23702054678482382,19702
