algoritmo,tasa_inf,desviacion_general,agr,tiempo
age_sf,282,0.12199625522557886,0.16120707461007613,20199
age_un,268,0.11819140077159858,0.1555615984780184,18146
agg_sf,1264,0.16978015225011778,0.34600573382240657,18866
agg_un,1179,0.1647214771884995,0.32901090606052885,18233
am_10_01,248,0.11787773038261236,0.1523754427429417,22598
am_10_01_mejores,214,0.11815384698294618,0.14793845231910768,22189
am_10_1,465,0.14550501656300682,0.21023354557539525,20298
bl,211,0.11492250497797532,0.14434456361997006,4414
greedy,10,0.23299113190765414,0.23427398944085956,6
