Tasa infeasibility,Desviación general,Agregado,Tiempo de ejecución (ms)
12,0.24223652948541163,0.24390982192002744,7
7,0.21215313395963425,0.21312922121316014,7
8,0.24044148007279315,0.24155700836253702,8
19,0.23838883118713095,0.24103821087527266,6
0,0.23173568483330056,0.23173568483330056,9
