Tasa infeasibility,| Desviación general - distancia óptima |,Agregado,Tiempo de ejecución (ms)
12,0.012988529485411626,0.24390982192002744,5
7,0.017094866040365753,0.21312922121316014,6
8,0.011193480072793138,0.24155700836253702,6
19,0.009140831187130938,0.24103821087527266,5
0,0.0024876848333005575,0.23173568483330056,7
