Tasa infeasibility,Desviación general,Agregado,Tiempo de ejecución (ms)
2033,0.252817040814583,0.5363006674457456,21435
2024,0.24956961674470524,0.5317982740499059,21205
2073,0.24944531768152978,0.5385065857614116,21114
2054,0.24492448459510774,0.5313363729868479,21232
2000,0.24941397700971124,0.5282960494456803,21023
