Tasa infeasibility,Desviación general,Agregado,Tiempo de ejecución (ms)
76,0.18777548241231073,0.26256259340120863,6838
29,0.2515675776276259,0.28010476471549484,7876
110,0.22704001320148154,0.3352845159485706,7281
51,0.188156582620735,0.23834267025802175,6728
106,0.24151123246562575,0.34581957147645703,6641
