Tasa infeasibility,Desviación general,Agregado,Tiempo de ejecución (ms)
525,0.15449712451209952,0.29519095128985495,16306
441,0.15722885027801858,0.27541166477133316,15926
355,0.1451956502981235,0.24033147602403432,15139
531,0.164386427740083,0.30668818396672703,15144
487,0.16038036697160823,0.290890640573069,14959
