Tasa infeasibility,| Desviación general - distancia óptima |,Agregado,Tiempo de ejecución (ms)
116,0.11960991027557455,0.14072472573627237,10738
118,0.12173765348753152,0.1391329590072783,5789
142,0.10576140705886045,0.16154092323150387,4228
115,0.12024030192674982,0.13982634584361567,6993
95,0.11831931798942628,0.13638756495131044,6717
