Tasa infeasibility,Desviación general,Agregado,Tiempo de ejecución (ms)
7294,0.45178691055068076,0.45178691055068076,10546
6167,0.4237957446548316,0.4237957446548316,11978
2243,0.3065766710507178,0.3065766710507178,7103
7200,0.46642639235541067,0.46642639235541067,10000
4437,0.3900186597050158,0.3900186597050158,9845
