Tasa infeasibility,Desviación general,Agregado,Tiempo de ejecución (ms)
932,0.5416294006173713,0.5416294006173713,2785
951,0.7036048672682356,0.7036048672682356,4143
787,0.554133728366972,0.554133728366972,2634
879,0.6967185511257696,0.6967185511257696,3958
1173,0.7122549117197441,0.7122549117197441,3611
