Tasa infeasibility,Desviación general,Agregado,Tiempo de ejecución (ms)
1726,0.5416294006173713,0.5416294006173713,3289
1760,0.7036048672682356,0.7036048672682356,4806
1474,0.554133728366972,0.554133728366972,3063
1724,0.6967185511257696,0.6967185511257696,4551
2235,0.7122549117197441,0.7122549117197441,4383
