Tasa infeasibility,Desviación general,Agregado,Tiempo de ejecución (ms)
437,0.39492478390367813,0.39492478390367813,161848
507,0.3698295265636072,0.3698295265636072,157426
609,0.3640908845318479,0.3640908845318479,157285
546,0.29176726579282797,0.29176726579282797,156353
548,0.3205886928031201,0.3205886928031201,157218
