Tasa infeasibility,| Desviación general - distancia óptima |,Agregado,Tiempo de ejecución (ms)
17,0.18484831836991988,0.7885990603760111,257504
20,0.18826702203088663,0.7972946000231498,223903
26,0.18788963578425255,0.8219004728859948,219119
15,0.13465341503689487,0.8307178015036325,220256
8,0.1012226797468494,0.8358819690747652,201073
