Tasa infeasibility,Desviación general,Agregado,Tiempo de ejecución (ms)
246,0.39492478390367813,0.39492478390367813,170090
262,0.3698295265636072,0.3698295265636072,156730
326,0.3640908845318479,0.3640908845318479,155885
295,0.29176726579282797,0.29176726579282797,155582
304,0.3205886928031201,0.3205886928031201,156263
