Tasa infeasibility,| Desviación general - distancia óptima |,Agregado,Tiempo de ejecución (ms)
5,0.1508932468500549,0.7917949215209745,212585
4,0.20979431636416368,0.7253162183326599,191693
10,0.2921626172975308,0.6884137194445281,188881
13,0.28065228622975646,0.72265695153492,190755
5,0.20944816000230704,0.7332400083687224,210121
