Tasa infeasibility,| Desviación general - distancia óptima |,Agregado,Tiempo de ejecución (ms)
16,0.28582424792589534,0.7402178908613988,96085
13,0.30770906989360025,0.6956001678710763,94991
13,0.2861944222930092,0.7171148154716673,98631
12,0.2908990985354999,0.7048325055549708,95103
9,0.2879916874288644,0.6850070156389886,98713
