Tasa infeasibility,| Desviación general - distancia óptima |,Agregado,Tiempo de ejecución (ms)
20,0.19144567426148573,0.7941159477925507,96848
14,0.17294678668121855,0.788386348756607,96754
27,0.3041616885797692,0.70966650119318,97708
23,0.20028473893693732,0.7973911264252046,94939
20,0.13437411895544704,0.8511875030985894,97994
