Tasa infeasibility,| Desviación general - distancia óptima |,Agregado,Tiempo de ejecución (ms)
0,0.008655831304001438,0.35563416869599856,2
1,0.010380836897227852,0.3544297726496759,1
0,0.05175062361600624,0.31253937638399376,1
0,0.008655831304001382,0.3556341686959986,2
0,0.008655831304001438,0.35563416869599856,3
