Tasa infeasibility,| Desviación general - distancia óptima |,Agregado,Tiempo de ejecución (ms)
5,0.0799142661164145,1.022602434487444,1
0,0.023614032721504974,0.928414032721505,2
1,0.04464118512796589,0.9570188188021718,0
0,0.008163100060148198,0.8966368999398519,1
0,0.057045105492746995,0.961845105492747,0
