Tasa infeasibility,Error de las distancias,Agregado,Tiempo de ejecución (ms)
7,1.035101640306633,1.035101640306633,1
2,0.685122407300435,0.685122407300435,1
6,0.5562817835052305,0.5562817835052305,0
2,0.4528587763599755,0.4528587763599755,1
1,0.3956195206228833,0.3956195206228833,0
