Tasa infeasibility,Desviación general,Agregado,Tiempo de ejecución (ms)
1,0.9153824316867254,0.9153824316867254,121
2,0.724674871962738,0.724674871962738,82
1,0.5481278367151255,0.5481278367151255,86
10,0.40372528390788415,0.40372528390788415,72
0,0.3759228381439142,0.3759228381439142,76
