Tasa infeasibility,Desviación general,Agregado,Tiempo de ejecución (ms)
0,0.9976142304872627,0.9976142304872627,1
1,0.6630599300146249,0.6630599300146249,1
1,0.5309818095973226,0.5309818095973226,1
1,0.4064565575645296,0.4064565575645296,1
2,0.3816779498543397,0.3816779498543397,1
