Tasa infeasibility,Desviación general,Agregado,Tiempo de ejecución (ms)
5,0.2191478666071402,0.2191478666071402,1070
22,0.1651592121449001,0.1651592121449001,474
13,0.14362730264950532,0.14362730264950532,469
45,0.13915397263970333,0.13915397263970333,425
50,0.11153140443818946,0.11153140443818946,508
