Tasa infeasibility,Error de las distancias,Agregado,Tiempo de ejecución (ms)
74,0.2390373751958822,0.2390373751958822,7
80,0.19294806764095782,0.19294806764095782,7
12,0.151773365449918,0.151773365449918,5
94,0.1299223600261908,0.1299223600261908,6
18,0.11641481819308899,0.11641481819308899,7
