Tasa infeasibility,Desviación general,Agregado,Tiempo de ejecución (ms)
0,1.0278596375846314,1.0278596375846314,1
5,0.6816411409782139,0.6816411409782139,1
24,0.5707037835936157,0.5707037835936157,0
2,0.43071437387620515,0.43071437387620515,1
2,0.36572863318351356,0.36572863318351356,1
