Tasa infeasibility,Desviación general,Agregado,Tiempo de ejecución (ms)
0,0.9045426323134984,0.9045426323134984,1
1,0.7568341690661349,0.7568341690661349,1
2,0.5381892695456718,0.5381892695456718,1
17,0.4690477612553387,0.4690477612553387,1
40,0.36950396738997593,0.36950396738997593,1
