Tasa infeasibility,Error de las distancias,Agregado,Tiempo de ejecución (ms)
10,14.035730264441996,24.035730264441995,0
7,19.281845348392014,26.281845348392014,0
4,23.07137050547712,27.07137050547712,1
2,25.350043334230726,27.350043334230726,0
5,27.19788931854229,32.197889318542295,1
