Tasa infeasibility,Error de las distancias,Agregado,Tiempo de ejecución (ms)
0,10.052221845942013,10.052221845942013,2
0,14.651827817192224,14.651827817192224,1
0,22.08597775558718,22.08597775558718,2
0,26.090173674867344,26.090173674867344,1
4,28.218949429052504,32.2189494290525,1
