Tasa infeasibility,Error de las distancias,Agregado,Tiempo de ejecución (ms)
1,13.582584908079411,14.582584908079411,1
2,19.78053837365808,21.78053837365808,1
1,22.48433020458986,23.48433020458986,1
1,25.712405523702238,26.712405523702238,0
1,26.41157157232706,27.41157157232706,1
