Tasa infeasibility,Desviación general,Agregado,Tiempo de ejecución (ms)
0,0.35563416869599845,0.35563416869599845,3
0,0.23386738984729663,0.23386738984729663,2
0,0.24697955499007457,0.24697955499007457,1
0,0.19163839201119243,0.19163839201119243,1
0,0.1632914243528457,0.1632914243528457,2
