Tasa infeasibility,Desviación general,Agregado,Tiempo de ejecución (ms)
0,0.23616048900266526,0.23616048900266526,10
10,0.1896072788680225,0.1896072788680225,5
3,0.1644431425182475,0.1644431425182475,5
3,0.1382920712469081,0.1382920712469081,6
7,0.1177715260042412,0.1177715260042412,9
