Tasa infeasibility,Desviación general,Agregado,Tiempo de ejecución (ms)
4,0.38541373545353036,0.38541373545353036,174
1,0.26596655382870454,0.26596655382870454,178
2,0.1952461351868375,0.1952461351868375,145
9,0.18688496708254534,0.18688496708254534,183
6,0.1601942369654407,0.1601942369654407,198
