Tasa infeasibility,Desviación general,Agregado,Tiempo de ejecución (ms)
2,0.22139175682602227,0.22139175682602227,447
14,0.18041717975267463,0.18041717975267463,497
10,0.16661193290649032,0.16661193290649032,554
1,0.1407165338820277,0.1407165338820277,577
16,0.12431018273887111,0.12431018273887111,422
