Tasa infeasibility,Error de las distancias,Agregado,Tiempo de ejecución (ms)
5,10.079076998794156,15.079076998794156,1
6,14.71032820846604,20.710328208466038,2
5,23.523721867448305,28.523721867448305,2
2,24.129927776795217,26.129927776795217,4
9,26.205431737602506,35.20543173760251,2
