Tasa infeasibility,Error de las distancias,Agregado,Tiempo de ejecución (ms)
17,0.2242632227025818,0.2242632227025818,9
1,0.18073896884979068,0.18073896884979068,8
2,0.15154755271031817,0.15154755271031817,18
1,0.13819917228354206,0.13819917228354206,7
6,0.11761808270396422,0.11761808270396422,7
