Tasa infeasibility,Error de las distancias,Agregado,Tiempo de ejecución (ms)
0,NaN,NaN,2
0,0.24933317695748783,0.24933317695748783,3
0,0.2201594799416271,0.2201594799416271,2
0,0.18070555850159997,0.18070555850159997,1
0,0.15993614544435766,0.15993614544435766,2
