Tasa infeasibility,Error de las distancias,Agregado,Tiempo de ejecución (ms)
4,10.02983005500918,14.02983005500918,2
0,15.515924526660958,15.515924526660958,1
0,18.364981428337497,18.364981428337497,2
0,23.37385902762987,23.37385902762987,2
0,26.993516903039044,26.993516903039044,1
