Tasa infeasibility,Error de las distancias,Agregado,Tiempo de ejecución (ms)
37,5.0283638553962575,42.02836385539626,9
13,9.114698882878388,22.114698882878386,8
13,9.634103625579305,22.634103625579307,7
15,10.602770335702107,25.602770335702107,9
13,11.606001775593773,24.606001775593775,7
