Tasa infeasibility,Desviación general,Agregado,Tiempo de ejecución (ms)
30,0.22290096986884753,0.22290096986884753,21
107,0.18212031539471799,0.18212031539471799,6
68,0.15002599915246959,0.15002599915246959,6
57,0.13396127076759404,0.13396127076759404,10
11,0.11420498958020656,0.11420498958020656,11
