Tasa infeasibility,Desviación general,Agregado,Tiempo de ejecución (ms)
0,0.36086191041341925,0.36086191041341925,4
5,0.2629249956633898,0.2629249956633898,2
0,0.20697333256411227,0.20697333256411227,3
0,0.18249647962900273,0.18249647962900273,2
0,0.16503138915896942,0.16503138915896942,3
