Tasa infeasibility,Desviación general,Agregado,Tiempo de ejecución (ms)
0,0.36086191041341925,0.36086191041341925,175
5,0.2629249956633898,0.2629249956633898,144
0,0.20697333256411227,0.20697333256411227,165
0,0.18249647962900273,0.18249647962900273,151
0,0.16503138915896942,0.16503138915896942,179
