Tasa infeasibility,Error de las distancias,Agregado,Tiempo de ejecución (ms)
1,13.769898578867638,14.769898578867638,0
8,18.55183213522821,26.55183213522821,0
13,22.896805277165136,35.896805277165136,1
4,25.21572592575357,29.21572592575357,1
9,28.372454376368815,37.372454376368815,0
