Tasa infeasibility,Error de las distancias,Agregado,Tiempo de ejecución (ms)
2,10.091605836078262,12.091605836078262,3
2,17.347313090346937,19.347313090346937,2
10,21.14396485319425,31.14396485319425,1
7,26.194519985092477,33.19451998509248,1
11,22.100355618973687,33.10035561897369,2
