Tasa infeasibility,| Desviación general - distancia óptima |,Agregado,Tiempo de ejecución (ms)
47,0.004629305341743384,0.24647275269137103,11
76,0.07058475307534726,0.17903035327724212,8
24,0.09655614867016027,0.13912356912539428,6
76,0.09181213802381558,0.1578029683287738,11
7,0.12145009470894802,0.10967382298142206,12
