Tasa infeasibility,Desviación general,Agregado,Tiempo de ejecución (ms)
0,0.36969626247052656,0.36969626247052656,3
0,0.2452759798752635,0.2452759798752635,1
11,0.22550587667957564,0.22550587667957564,1
7,0.18371783516544885,0.18371783516544885,1
19,0.16932846215078304,0.16932846215078304,1
