Tasa infeasibility,Error de las distancias,Agregado,Tiempo de ejecución (ms)
0,0.9074803419610855,0.9074803419610855,1
9,0.6591508930821492,0.6591508930821492,1
1,0.5122559082979165,0.5122559082979165,1
2,0.44387099469688396,0.44387099469688396,1
2,0.3679167420541752,0.3679167420541752,1
