Tasa infeasibility,Error de las distancias,Agregado,Tiempo de ejecución (ms)
0,5.182843497634159,5.182843497634159,8
9,7.62818857889122,16.62818857889122,7
2,9.205689222758737,11.205689222758737,4
7,11.93010813181253,18.93010813181253,6
8,12.99950980722782,20.99950980722782,8
