Tasa infeasibility,Error de las distancias,Agregado,Tiempo de ejecución (ms)
11,5.2366038085041,16.2366038085041,29
7,8.523192659007975,15.523192659007975,23
14,9.044606824533115,23.044606824533115,5
11,11.718636963299614,22.718636963299616,5
1,12.086980375221582,13.086980375221582,6
