Tasa infeasibility,Error de las distancias,Agregado,Tiempo de ejecución (ms)
0,14.186195210361594,14.186195210361594,1
1,18.564488012826303,19.564488012826303,1
2,23.221367610811058,25.221367610811058,0
1,27.00589993672448,28.00589993672448,0
24,30.073483302550724,54.07348330255073,0
