Tasa infeasibility,Error de las distancias,Agregado,Tiempo de ejecución (ms)
18,5.007360758198712,23.00736075819871,10
8,7.302581690688376,15.302581690688376,10
21,9.500570408033354,30.500570408033354,7
36,12.240116241406788,48.24011624140679,6
40,11.66762415469162,51.66762415469162,5
