Tasa infeasibility,Error de las distancias,Agregado,Tiempo de ejecución (ms)
12,0.3988048920874288,0.3988048920874288,2
10,0.2808765880436888,0.2808765880436888,2
1,0.23399714986715728,0.23399714986715728,2
1,0.20532667465004417,0.20532667465004417,2
6,0.16995530476420284,0.16995530476420284,4
