Tasa infeasibility,Desviación general,Agregado,Tiempo de ejecución (ms)
25,0.7360300416791159,0.8369820692466614,2735
24,0.7016281847281288,0.7985421311929725,2722
35,0.7128291638538756,0.8541620024484393,2727
13,0.7318532133187815,0.7843482676539052,2713
22,0.71507371355783,0.80391149781727,2827
