tasa_inf,desviacion_general,agr,tiempo
20,0.7081051261880819,0.7888667482421182,3386
29,0.7096844714112951,0.8267888233896479,2909
17,0.7205375587394877,0.7891849374854186,3101
32,0.7128291638538756,0.8420477591403338,3014
35,0.6164474490097432,0.7577802876043069,2805
