Tasa infeasibility,Desviación general,Agregado,Tiempo de ejecución (ms)
48,0.6865184132404228,0.8803463061701102,3380
18,0.7033805088923902,0.776065968741023,3219
21,0.7133361168068131,0.7981358199635513,3362
9,0.7316662386756916,0.768008968600008,3296
44,0.6080578222179004,0.7857333907367804,3101
