Tasa infeasibility,Desviación general,Agregado,Tiempo de ejecución (ms)
13,0.7188970396796794,0.7713920940148031,3191
11,0.719644297483086,0.7640631896128061,3056
12,0.7219204429721309,0.7703774162045527,2890
12,0.7045377707402963,0.7529947439727182,3145
14,0.7043865409750449,0.7609196764128704,2947
