tasa_inf,desviacion_general,agr,tiempo
22,0.729541730563472,0.818379514822912,2534
31,0.7165939703574934,0.8417744845412498,2481
14,0.7686566337731362,0.8251897692109617,2551
26,0.7182101907094349,0.8232002993796822,2550
25,0.714243010972905,0.8151950385404505,2566
