tasa_inf,desviacion_general,agr,tiempo
28,0.5977504045969535,0.7108166754726044,2952
13,0.703327083365618,0.7558221377007417,2891
31,0.5982121124571282,0.7233926266408847,3032
13,0.7069206137315457,0.7594156680666694,2724
13,0.703743407173753,0.7562384615088767,2667
