Tasa infeasibility,Desviación general,Agregado,Tiempo de ejecución (ms)
12,0.7042257938466248,0.7526827670790466,3635
14,0.7037355145696719,0.7602686500074973,3869
30,0.593428314267168,0.7145707473482226,4526
24,0.6800478872711173,0.776961833735961,4270
23,0.661168011972935,0.7540438773350768,3845
