Tasa infeasibility,Desviación general,Agregado,Tiempo de ejecución (ms)
37,0.5768880439745326,0.7262970447745,2892
12,0.7177554388181087,0.7662124120505305,3241
21,0.7125476393307714,0.7973473424875096,3018
19,0.7336701803995954,0.81039372135093,3289
12,0.7036588472035733,0.7521158204359951,2978
