tasa_inf,desviacion_general,agr,tiempo
29,0.7555985123413628,0.8727028643197156,2779
16,0.7336224605901983,0.7982317582334274,2843
28,0.6934512603098896,0.8065175311855405,2687
32,0.7015237584398452,0.8307423537263033,2796
11,0.770425881044553,0.8148447731742731,2736
