tasa_inf,desviacion_general,agr,tiempo
12,0.7332528047420966,0.7817097779745185,2791
32,0.7176347053986192,0.8468533006850774,2694
26,0.7332852811720626,0.8382753898423099,2537
61,0.8447131865539017,1.0910361338187127,2675
33,0.7102374502317527,0.8434941266209127,2543
