Tasa infeasibility,Desviación general,Agregado,Tiempo de ejecución (ms)
15,0.7131673510954244,0.7737385676359517,2771
19,0.7106021549507895,0.7873256959021241,2754
32,0.6649366203031886,0.7941552155896467,2693
28,0.5960011954323166,0.7090674663079675,2741
19,0.7179468250881429,0.7946703660394775,2714
