tasa_inf,desviacion_general,agr,tiempo
21,0.7301405110961079,0.8149402142528461,2289
18,0.7668285060902266,0.8395139659388593,2528
25,0.7138181308770469,0.8147701584445924,2487
19,0.749585281408786,0.8263088223601206,2198
26,0.7111404628132455,0.8161305714834928,2264
