Tasa infeasibility,Desviación general,Agregado,Tiempo de ejecución (ms)
26,0.7166571919726047,0.821647300642852,2734
11,0.7343088356876503,0.7787277278173703,2488
22,0.7281603922792427,0.8169981765386827,2543
16,0.7318532133187815,0.7964625109620106,2492
42,0.668457582353107,0.8380569886665834,2435
