Tasa infeasibility,Desviación general,Agregado,Tiempo de ejecución (ms)
24,0.7296100967484367,0.8265240432132803,2428
27,0.7208274356162799,0.8298556253892291,2420
25,0.7179468250881429,0.8188988526556884,2395
10,0.7564514435852486,0.7968322546122668,2476
17,0.713615412888261,0.782262791634192,2420
