Tasa infeasibility,Desviación general,Agregado,Tiempo de ejecución (ms)
25,0.7180362670157564,0.8189882945833019,2607
41,0.6989241312984811,0.8644854565092557,2977
34,0.6093191283529092,0.7466138858447711,2525
17,0.770425881044553,0.839073259790484,2715
40,0.712955548480717,0.8744787925887897,2523
