Tasa infeasibility,Desviación general,Agregado,Tiempo de ejecución (ms)
10,0.7336224605901983,0.7740032716172165,2637
20,0.7115348218097123,0.7922964438637486,2537
19,0.737847816262003,0.8145713572133376,2632
59,0.6007409180317981,0.8389877030912054,2564
9,0.7481787970088477,0.7845215269331641,2567
