Tasa infeasibility,Desviación general,Agregado,Tiempo de ejecución (ms)
11,0.7191892463805164,0.7636081385102365,2999
19,0.7076286088423849,0.7843521497937195,2774
12,0.7109649445870262,0.759421917819448,2650
13,0.7110553263785746,0.7635503807136983,2670
9,0.7180365260077792,0.7543792559320956,2700
