tasa_inf,desviacion_general,agr,tiempo
15,0.7136628234128579,0.7742340399533852,3323
14,0.7021649253796662,0.7586980608174917,2911
16,0.7108707134977126,0.7754800111409417,3058
13,0.710505900854818,0.7630009551899417,3253
11,0.7191892463805164,0.7636081385102365,3170
