Tasa infeasibility,Desviación general,Agregado,Tiempo de ejecución (ms)
16,0.7108707134977126,0.7754800111409417,4359
27,0.7180362670157564,0.8270644567887055,3914
18,0.7115821082160626,0.7842675680646953,3941
45,0.595870054491508,0.7775837041130899,3760
16,0.7546597208669893,0.8192690185102184,4097
