Tasa infeasibility,Desviación general,Agregado,Tiempo de ejecución (ms)
19,0.7191412740028431,0.7958648149541777,2600
27,0.6006383114202309,0.7096665011931801,2835
33,0.5926047839839336,0.7258614603730936,2529
36,0.5790020546578273,0.7243729743550927,2629
20,0.6904910758379821,0.7712526978920184,2564
