Tasa infeasibility,Desviación general,Agregado,Tiempo de ejecución (ms)
16,0.7336224605901983,0.7982317582334274,6808
17,0.770425881044553,0.839073259790484,6319
13,0.7686980400167498,0.8211930943518735,5893
30,0.7117267112664887,0.8328691443475432,5777
7,0.7986516904025748,0.8269182581214876,5717
