tasa_inf,desviacion_general,agr,tiempo
12,0.698467875912165,0.7469248491445868,2826
8,0.734948839415264,0.7672534882368786,2609
12,0.7036588472035733,0.7521158204359951,2618
10,0.7708709710965429,0.8112517821235611,2571
21,0.6848676455341869,0.7696673486909251,2708
