Tasa infeasibility,Desviación general,Agregado,Tiempo de ejecución (ms)
25,0.7179468250881429,0.8188988526556884,3425
28,0.7165939703574934,0.8296602412331443,3225
18,0.7588598931672065,0.8315453530158392,2952
16,0.7336224605901983,0.7982317582334274,3199
27,0.699051415881405,0.8080796056543541,2964
