Tasa infeasibility,Desviación general,Agregado,Tiempo de ejecución (ms)
34,0.6120005635335402,0.749295321025402,3143
27,0.7165329779691135,0.8255611677420627,3158
25,0.7104825186585345,0.81143454622608,3079
12,0.7991907132468702,0.847647686479292,3045
22,0.7701465849631052,0.8589843692225452,3180
