Tasa infeasibility,Desviación general,Agregado,Tiempo de ejecución (ms)
8,0.803927166159435,0.8362318149810496,3876
10,0.7336224605901983,0.7740032716172165,3849
13,0.7700562251964514,0.8225512795315751,3881
24,0.7028814668520252,0.7997954133168689,3972
9,0.7305335946826403,0.7668763246069568,3948
