algoritmo,tasa_inf,desviacion_general,agr,tiempo
age_sf,24,0.7309243745451697,0.8246078561278519,2769
age_un,24,0.7294491072752883,0.8247478212990511,2537
agg_sf,24,0.7081727954618331,0.8026638932650556,2516
agg_un,22,0.7343025784570826,0.8223327464959823,2354
am_10_01,14,0.710403738993752,0.7661292582110371,2450
am_10_01_mejores,14,0.7310153998209797,0.7867409190382648,2910
am_10_1,17,0.6888728407968807,0.7559049871017309,3232
bl,23,0.7196560249243996,0.8101090416249204,104
greedy,2,0.9871188953955995,0.9951950576010032,1
