Tasa infeasibility,Desviación general,Agregado,Tiempo de ejecución (ms)
18,0.7319087288973799,0.8045941887460126,157
17,0.7128269354122192,0.7814743141581502,122
15,0.7701465849631052,0.8307178015036325,90
54,0.5841076315886842,0.8021640111345825,104
8,0.79929024376061,0.8315948925822245,86
