Tasa infeasibility,| Desviación general - distancia óptima |,Agregado,Tiempo de ejecución (ms)
2,0.051686011434238344,0.964562173639642,1
1,0.07387133245265076,0.9827094135553527,0
3,0.0813103068541039,0.9982245501622095,1
3,0.09275609145204522,1.0096703347601508,1
1,0.111970734784959,1.020808815887661,1
