Tasa infeasibility,Desviación general,Agregado,Tiempo de ejecución (ms)
2,0.9564860114342384,0.964562173639642,1
1,0.9786713324526508,0.9827094135553527,1
3,0.986110306854104,0.9982245501622095,2
3,0.9975560914520453,1.0096703347601508,2
1,1.016770734784959,1.020808815887661,1
