tasa_inf,desviacion_general,agr,tiempo
34,0.24673135737717894,0.26443208197190554,8300
91,0.20954350118295295,0.25691896995119184,8244
116,0.20226257876647763,0.26265328620730966,8072
39,0.24711246691613128,0.26741623924537655,8189
113,0.18831746616889128,0.2471463449690121,8433
