Tasa infeasibility,Desviación general,Agregado,Tiempo de ejecución (ms)
32,0.24768107058829408,0.26434057608921324,11771
115,0.2015001212766605,0.2613702191705888,10869
35,0.24765561601766395,0.2658769501592943,12542
102,0.19421025768849484,0.2473124314726747,12436
108,0.20931638587447993,0.2655422169400821,10337
