Tasa infeasibility,Desviación general,Agregado,Tiempo de ejecución (ms)
39,0.24054063517750407,0.2608444075067493,8972
36,0.25021961234571116,0.2689615560342452,8862
42,0.24958796898628136,0.27145356995623776,9006
40,0.2503411218781293,0.2711655037542783,8955
40,0.24875152871582332,0.2695759105919723,9006
