Tasa infeasibility,Desviación general,Agregado,Tiempo de ejecución (ms)
96,0.20056909623016791,0.2505476127329255,9313
31,0.24631892304936548,0.26245781900338094,9180
113,0.20320709769708514,0.262035976497206,9190
35,0.24877953027626068,0.267000864417891,9233
95,0.20115968463900374,0.2506175915948575,9204
