tasa_inf,desviacion_general,agr,tiempo
45,0.24972869505222858,0.2731561246628962,9191
50,0.24966947225960867,0.2756999496047949,9109
45,0.2491012636338042,0.27252869324447176,9121
39,0.24504927662821233,0.2653530489574576,9117
41,0.25029906138923413,0.2716440528122868,9094
