tasa_inf,desviacion_general,agr,tiempo
36,0.2472613572073888,0.26600330089592283,8645
37,0.25014500160989456,0.26940755484533235,8655
37,0.2451021245697971,0.26436467780523487,8619
127,0.20299918603124847,0.26911659848802144,8565
50,0.2496713215925214,0.27570179893770763,8554
