Tasa infeasibility,Desviación general,Agregado,Tiempo de ejecución (ms)
105,0.21000027605008045,0.2646642784749715,9448
107,0.20647283260179922,0.2621780541204977,9834
34,0.24497210340230666,0.2626728279970333,9486
32,0.24554574609433258,0.26220525159525176,8982
94,0.20929832894463177,0.2582356263535818,9481
