tasa_inf,desviacion_general,agr,tiempo
31,0.2493704384944532,0.26550933444846864,7972
64,0.24533410775132164,0.27865311875316,7922
39,0.25011962707505614,0.2704233994043014,7784
50,0.24534546935047669,0.2713759466956629,8415
40,0.250285727905048,0.271110109781197,8049
