Tasa infeasibility,Desviación general,Agregado,Tiempo de ejecución (ms)
127,0.20813162891898526,0.27424904137575823,8371
79,0.24044789386145782,0.28157604806685205,8365
42,0.24975191799406496,0.27161751896402136,8318
44,0.24497504676843757,0.26788186683220144,8379
35,0.24846035604020475,0.2666816901818351,8320
