tasa_inf,desviacion_general,agr,tiempo
210,0.23535529706227207,0.34468330191205415,8695
68,0.24972511009245227,0.2851265592819055,8714
123,0.2358455438930283,0.2998805181621864,7913
95,0.24788790683774078,0.2973458137935946,8018
127,0.1979113248184768,0.2640287372752498,7903
