tasa_inf,desviacion_general,agr,tiempo
53,0.2451544840402166,0.272746790026114,8851
91,0.23907034384528567,0.2864458126135246,8778
37,0.24877437887906323,0.268036932114501,8710
95,0.2117186636825738,0.2611765706384276,8708
138,0.22319851239278213,0.29504262986549606,8735
