Tasa infeasibility,Desviación general,Agregado,Tiempo de ejecución (ms)
38,0.25030700759579144,0.270090170378133,8656
123,0.2080272250284671,0.2720621992976252,8696
118,0.19503002535370878,0.25646195188834825,8571
74,0.24554737646424182,0.28407248293511744,9053
42,0.24853138143724415,0.27039698240720056,10276
