tasa_inf,desviacion_general,agr,tiempo
50,0.24991699213655236,0.2759474694817386,8458
52,0.2465927328229893,0.273664429261983,8475
56,0.23792469558277934,0.2670788302093879,9027
103,0.21250837946607443,0.26613116279715804,8714
44,0.24227794725047308,0.26518476731423696,8703
