Tasa infeasibility,Desviación general,Agregado,Tiempo de ejecución (ms)
35,0.24566532885862685,0.2638866630002572,16795
32,0.24995093715222505,0.2666104426531442,16107
128,0.20103384101075158,0.2676718630144283,15889
33,0.25009319254997514,0.26727330759779805,15318
111,0.20997388154062807,0.26776154124694146,15137
