Tasa infeasibility,Desviación general,Agregado,Tiempo de ejecución (ms)
52,0.24859404627994355,0.27566574271893723,15148
36,0.2501406135247743,0.26888255721330834,15572
36,0.24434694599970805,0.2630888896882421,15410
39,0.25012189758993275,0.270425669919178,12789
45,0.24714214268934467,0.2705695723000123,11395
