Tasa infeasibility,Desviación general,Agregado,Tiempo de ejecución (ms)
119,0.20161363478034247,0.26356617086188566,13584
35,0.247165589304878,0.2653869234465083,13611
38,0.2501441856141983,0.26992734839653987,13750
29,0.2509591511599081,0.2660568280201161,13736
35,0.24790350854325444,0.2661248426848848,13636
