tasa_inf,desviacion_general,agr,tiempo
41,0.24949164740697025,0.27083663883002296,10029
45,0.2445088416045714,0.267936271215239,11233
102,0.22388124360981498,0.27698341739399485,11241
32,0.24827996589910054,0.2649394714000197,11295
53,0.24614700779543522,0.2737393137813326,10256
