Tasa infeasibility,Desviación general,Agregado,Tiempo de ejecución (ms)
30,0.25095040330595253,0.26656868971306424,11325
122,0.2089598938127168,0.27247425853497115,11274
102,0.20869664454545372,0.2617988183296336,11176
123,0.20845613351640177,0.27249110778555985,11308
107,0.21115701585640037,0.26686223737509884,11183
