tasa_inf,desviacion_general,agr,tiempo
48,0.24694595806906858,0.27193521632044737,8709
116,0.2076255161881238,0.26801622362895583,8741
35,0.24829555652784047,0.2665168906694708,8790
28,0.24519943724424825,0.2597765045575525,8833
29,0.2511462316932398,0.2662439085534478,8646
