tasa_inf,desviacion_general,agr,tiempo
32,0.24992738947442086,0.26658689497534005,8936
129,0.19589928844877427,0.2630579199993547,8720
31,0.24541172327713914,0.2615506192311546,8747
110,0.20525255672960172,0.2625196068890114,8800
101,0.2000395745554546,0.25262113879273074,9141
