Tasa infeasibility,Desviación general,Agregado,Tiempo de ejecución (ms)
46,0.24607307350972768,0.270021112667299,10351
43,0.2503430030895251,0.27272921360638525,12191
39,0.25031705231302676,0.270620824642272,11886
121,0.20818862903565113,0.27118238421100177,12033
39,0.25011962707505614,0.2704233994043014,10100
