tasa_inf,desviacion_general,agr,tiempo
35,0.24566532885862685,0.2638866630002572,8231
34,0.25013587338144144,0.26783659797616804,8138
106,0.2089857265932354,0.26417033856503014,8177
99,0.20648927846335732,0.258029623606826,8144
34,0.24192906296851233,0.25962978756323896,8183
