algoritmo,tasa_inf,desviacion_general,agr,tiempo
age_sf,58,0.23903579820217008,0.2689187861944438,8608
age_un,50,0.24254825296828386,0.26857873031347,7762
agg_sf,125,0.23334503654079403,0.29821298608499813,8249
agg_un,45,0.24809107411527115,0.271414381816558,8029
am_10_01,81,0.21930610649707813,0.2612672359775183,8869
am_10_01_mejores,55,0.2424617412631785,0.27088702252412183,10811
am_10_1,79,0.22282503121594405,0.2637449416025768,9483
bl,57,0.24204860765823014,0.2715151080129809,374
greedy,1,0.3466702091149524,0.3467743310243331,2
