Tasa infeasibility,Desviación general,Agregado,Tiempo de ejecución (ms)
200,0.1173115420123448,0.17090919030863258,17885
216,0.12988440793566983,0.18776986809566065,17080
238,0.125167406441069,0.18894860791365148,17009
208,0.13228104145168684,0.18802259567982615,18814
194,0.12055627351081633,0.1725459923582155,17467
