Tasa infeasibility,Desviación general,Agregado,Tiempo de ejecución (ms)
131,0.12326635009211402,0.1583728097261825,18040
229,0.12042156561394947,0.18179087291319898,18000
211,0.12791975706034212,0.18446527601292573,18143
197,0.12438638918811844,0.1771800727599619,18405
239,0.13142995177371924,0.19547914148778317,19848
