tasa_inf,desviacion_general,agr,tiempo
145,0.12223718700556743,0.16109548202037607,16275
209,0.11581496412252248,0.1718245065921432,16083
151,0.12250493763327432,0.1629711620969716,16133
168,0.11596115164389947,0.16098317621278121,16115
165,0.1188523708613306,0.16307043070576804,16226
