Tasa infeasibility,Desviación general,Agregado,Tiempo de ejecución (ms)
185,0.11830681063593416,0.16788463531000036,18261
203,0.12111040980005419,0.1755120228207863,18854
104,0.12027095589441358,0.14814173300848324,21397
145,0.125107646571036,0.16396594158584465,25405
147,0.11663363894350892,0.15602791044128045,18414
