Tasa infeasibility,Desviación general,Agregado,Tiempo de ejecución (ms)
240,0.12146953276572087,0.1857867107212662,17095
209,0.11939419049953842,0.17540373296915918,18208
116,0.11217321424084378,0.1432598502526907,17993
151,0.12620055439256203,0.1666667788562593,18123
105,0.1254835259493036,0.1536222913048547,18050
