tasa_inf,desviacion_general,agr,tiempo
197,0.13024249425694542,0.1830361778287889,16296
141,0.12295737214282304,0.16074371419170594,16198
270,0.11724850995847821,0.18960533515846673,16257
181,0.1275476936758327,0.17605356538397315,16221
188,0.11972424434328424,0.17010603374179475,16173
