Tasa infeasibility,Desviación general,Agregado,Tiempo de ejecución (ms)
153,0.12037773227526305,0.1613799332219232,18527
212,0.12996782469762858,0.18678133189169363,22593
189,0.12057447100041765,0.1712242486404096,20415
238,0.13312591524722814,0.1969071167198106,21243
137,0.12299597326149614,0.15971036234445327,20159
