tasa_inf,desviacion_general,agr,tiempo
244,0.11547376499890752,0.18086289592037863,15133
151,0.11569164194308683,0.1561578664067841,15312
244,0.11605094097695971,0.1814400718984308,14908
201,0.11546468664080173,0.16933032317857094,15407
147,0.11230072102594614,0.15169499252371765,15529
