Tasa infeasibility,Desviación general,Agregado,Tiempo de ejecución (ms)
244,0.11547376499890752,0.18086289592037863,15345
151,0.11569164194308683,0.1561578664067841,15328
244,0.11605094097695971,0.1814400718984308,15661
201,0.11546468664080173,0.16933032317857094,15724
147,0.11230072102594614,0.15169499252371765,15305
