tasa_inf,desviacion_general,agr,tiempo
616,0.16783999233523755,0.33292074908780395,15892
558,0.17583604383618598,0.32537348258282894,15794
623,0.1544732006057226,0.32142987504865905,15694
609,0.17412996806586079,0.3373348071280571,17889
662,0.16594188548840338,0.3433501013491159,19996
