tasa_inf,desviacion_general,agr,tiempo
613,0.1564483449459938,0.32072513697411587,17320
381,0.15567243678590797,0.2577759567903362,16195
384,0.14667494496054123,0.2495824296894138,15609
358,0.15304247930477854,0.24898226975513368,15728
551,0.16067580426640046,0.30833732532267333,16492
