Tasa infeasibility,Desviación general,Agregado,Tiempo de ejecución (ms)
613,0.1564483449459938,0.32072513697411587,16770
381,0.15567243678590797,0.2577759567903362,16634
384,0.14667494496054123,0.2495824296894138,16936
358,0.15304247930477854,0.24898226975513368,16201
551,0.16067580426640046,0.30833732532267333,16076
