Tasa infeasibility,Desviación general,Agregado,Tiempo de ejecución (ms)
613,0.1564483449459938,0.32072513697411587,19294
381,0.15567243678590797,0.2577759567903362,19625
384,0.14667494496054123,0.2495824296894138,19312
358,0.15304247930477854,0.24898226975513368,19279
551,0.16067580426640046,0.30833732532267333,20563
