tasa_inf,desviacion_general,agr,tiempo
658,0.1672195718527733,0.34355583474756013,14927
757,0.16111722033802836,0.36398431913947765,15102
684,0.16578977077209653,0.3490937279454007,14916
661,0.17532451114940797,0.35246473876863915,15075
712,0.16775480941617157,0.3585624373509561,14851
