Tasa infeasibility,Desviación general,Agregado,Tiempo de ejecución (ms)
573,0.15874220430510472,0.31229946667396924,19653
534,0.16102529866710735,0.3041310196181958,18866
401,0.1560226145219707,0.26348589935602773,17762
302,0.15475506371614808,0.23568751264354265,16332
392,0.15181418774301836,0.2568655784037424,19243
