Tasa infeasibility,Desviación general,Agregado,Tiempo de ejecución (ms)
409,0.1476704261596973,0.2572776169256058,15231
441,0.14276763640966716,0.26095045090298175,15022
455,0.14362101497552818,0.26555566484958293,15167
417,0.1580275478287926,0.26977864452655265,15268
418,0.14764458690579665,0.25966367184503814,15157
