Tasa infeasibility,Desviación general,Agregado,Tiempo de ejecución (ms)
210,0.12447423079396154,0.18075176150506372,14555
171,0.12509732825832628,0.17092331755165235,14696
222,0.1271315680121709,0.18662495762105036,15185
204,0.12780677518924025,0.1824763764514538,15238
271,0.12031863739010576,0.1929434508315757,15587
