tasa_inf,desviacion_general,agr,tiempo
157,0.11634657060729621,0.15842072451988212,18442
157,0.10749098135935513,0.14956513527194104,19000
101,0.11843643731896969,0.14550324970859502,18386
167,0.12588854982260345,0.17064258615000374,17481
114,0.11296292987051058,0.14351358939939463,16898
