Tasa infeasibility,Desviación general,Agregado,Tiempo de ejecución (ms)
278,0.1565442937865928,0.23104502491843282,15106
282,0.15758383498325704,0.2331565190810228,15403
480,0.16054260843139645,0.28917696434248713,14784
249,0.1446594985607259,0.2113885706896042,15106
417,0.1623044398403578,0.27405553653811787,14935
