tasa_inf,desviacion_general,agr,tiempo
210,0.12447423079396154,0.18075176150506372,15107
171,0.12509732825832628,0.17092331755165235,14472
222,0.1271315680121709,0.18662495762105036,14119
204,0.12780677518924025,0.1824763764514538,14368
271,0.12031863739010576,0.1929434508315757,15179
