tasa_inf,desviacion_general,agr,tiempo
132,0.11919946480289677,0.15457391267844672,14828
218,0.122699690316781,0.1811211269597347,14264
180,0.11817670514980834,0.16641458861646735,14242
197,0.12402753411635817,0.17682121768820164,13977
194,0.12552329085931838,0.17751300970671752,13955
