Tasa infeasibility,Desviación general,Agregado,Tiempo de ejecución (ms)
180,0.11066821462278975,0.15890609808944878,38539
121,0.1140838054911968,0.14651038271045091,38255
167,0.12044283411911501,0.16519687044651532,38861
74,0.12030190679488335,0.14013303666450982,38497
164,0.11925946657065337,0.16320953817360934,39095
