Tasa infeasibility,Desviación general,Agregado,Tiempo de ejecución (ms)
210,0.14221533022863772,0.1984928609397399,20347
198,0.12353183707444705,0.17659350888777198,20192
185,0.13238374515360332,0.18196156982766953,20663
311,0.12365147116343314,0.20699581426416064,20479
139,0.11774353133624134,0.15499389690216137,22922
