Tasa infeasibility,Desviación general,Agregado,Tiempo de ejecución (ms)
86,0.11750392089288425,0.140550909660288,53340
236,0.12384182558233622,0.1870870505719558,58630
85,0.11043884578242541,0.1332178463083477,54942
100,0.11866981341859059,0.14546863756673448,42863
123,0.11752017899721207,0.15048273269942905,41573
