tasa_inf,desviacion_general,agr,tiempo
138,0.11952608574280117,0.15650846306723976,17977
134,0.1248354776379767,0.16074590199648953,15470
154,0.12224283609702007,0.16351302528516165,16216
121,0.11447644458887689,0.146903021808131,16984
152,0.12457780137690537,0.1653120140820841,17790
