Tasa infeasibility,Desviación general,Agregado,Tiempo de ejecución (ms)
166,0.11810912201116415,0.16259517009708302,23665
214,0.12005339789671919,0.17740288157374712,23600
140,0.11319329366033073,0.1507116474677322,23465
123,0.1231441901052309,0.15610674380744788,23895
119,0.11913988818037136,0.1510304889166626,23518
