algoritmo,tasa_inf,desviacion_general,agr,tiempo
age_sf,196,0.12354406287547273,0.17590896526094593,16229
age_un,136,0.11994953113997195,0.1563959319814477,14165
agg_sf,695,0.16744117670569555,0.3535322115904068,14975
agg_un,617,0.1644185772019981,0.3295529316028608,14505
am_10_01,140,0.12113172908871603,0.1585964852478212,16888
am_10_01_mejores,140,0.11622509379574701,0.1535290570099633,18042
am_10_1,261,0.15718691344638192,0.2270782468247412,16457
bl,133,0.11054512883162007,0.14618756494865143,6039
greedy,29,0.2277966924956604,0.23546115620202954,16
