Tasa infeasibility,Desviación general,Agregado,Tiempo de ejecución (ms)
80,0.11711208192919026,0.13855114124770537,7114
182,0.10473437524571533,0.1535082351953372,7242
105,0.10718961567578263,0.1353283810313337,6871
103,0.11256088109812162,0.14016366997070984,5423
195,0.11112869020929048,0.16338639729817106,5352
