Tasa infeasibility,| Desviación general - distancia óptima |,Agregado,Tiempo de ejecución (ms)
28,0.0072986866213768375,0.22945298414010346,12
33,0.007685258258053523,0.245776870226941,15
33,0.004203774289353535,0.24229538625824104,18
12,0.009292020916213367,0.2231718379815639,43
37,0.0025548625315149065,0.23660870240329834,14
