Tasa infeasibility,Desviación general,Agregado,Tiempo de ejecución (ms)
6,0.5982428162203688,0.6437086182656041,4338
10,0.5869978637116107,0.6627742004536695,3570
9,0.6045628063433969,0.6727615094112498,3568
5,0.6057319850981353,0.6436201534691647,3562
9,0.602994882870562,0.6711935859384149,3479
