tasa_inf,desviacion_general,agr,tiempo
14,0.6769447658568086,0.7830316372956909,3015
10,0.6313145289705587,0.7070908657126176,3057
14,0.6313075626248565,0.7373944340637388,2969
16,0.7144626471302845,0.8357047859175786,3002
10,0.616496082678073,0.6922724194201318,2949
