Tasa infeasibility,Desviación general,Agregado,Tiempo de ejecución (ms)
15,0.6202658321360132,0.7339303372491014,3071
9,0.6179043976378978,0.6861031007057508,2817
8,0.6114051673664544,0.6720262367601015,2996
7,0.7715258378694033,0.8245692735888445,3107
16,0.6176263499130965,0.7388684887003907,3084
