Tasa infeasibility,Desviación general,Agregado,Tiempo de ejecución (ms)
5,0.600637469743562,0.6385256381145914,2861
6,0.5942314565679433,0.6396972586131786,2806
6,0.5986475495141078,0.6441133515593431,2701
18,0.8264089149643675,0.9628063211000735,2859
6,0.5866046119906502,0.6320704140358855,2652
