Tasa infeasibility,Desviación general,Agregado,Tiempo de ejecución (ms)
114,1.5410250429745915,2.404875281834062,2901
108,1.6090756205678236,2.427460057382059,2715
127,1.5413519827203819,2.503711459344529,2727
122,1.5911722665730967,2.5156435748262145,2670
105,1.5903877641670763,2.3860392999586937,2764
