tasa_inf,desviacion_general,agr,tiempo
5,0.6057227900184717,0.6436109583895011,2684
7,0.6011502359904888,0.6541936717099299,2686
8,0.61115522635872,0.6717762957523671,2672
23,0.7393297621953521,0.9136153367020874,2894
6,0.5930043436203053,0.6384701456655406,2674
