Tasa infeasibility,Desviación general,Agregado,Tiempo de ejecución (ms)
6,0.6097143960884909,0.6551801981337262,3055
23,0.7448578458557039,0.9191434203624392,2917
20,0.7365869641315681,0.8881396376156858,3161
8,0.5901818811942919,0.650802950587939,3526
10,0.5791831114812079,0.6549594482232668,2977
