Tasa infeasibility,Desviación general,Agregado,Tiempo de ejecución (ms)
14,0.6074070542702372,0.7134939257091195,2745
14,0.6100024333252441,0.7160893047641264,2747
12,0.604947724054993,0.6958793281454636,2642
12,0.6123114017530117,0.7032430058434823,2474
5,0.6877550621704512,0.7256432305414806,2623
