Tasa infeasibility,Desviación general,Agregado,Tiempo de ejecución (ms)
34,0.9970648121394271,1.254704357062427,2459
22,0.7380861416801128,0.9047940825126422,2382
20,0.8469666121641897,0.9985192856483074,2494
25,0.7518270520372464,0.9412678938923935,2317
17,0.6486274476837399,0.7774472201452399,2346
