tasa_inf,desviacion_general,agr,tiempo
3,0.7593003193808523,0.7820332204034699,2642
14,0.6089693159206728,0.7150561873595551,2546
23,0.7421768901449425,0.9164624646516778,2466
15,0.6239309316233576,0.7375954367364458,2403
32,0.82000810339005,1.0624923809646383,2500
