Tasa infeasibility,Desviación general,Agregado,Tiempo de ejecución (ms)
7,0.6952696492166067,0.7483130849360479,2645
6,0.774883782321093,0.8203495843663283,2434
15,0.6059003006588635,0.7195648057719517,2408
14,0.6123913911423804,0.7184782625812627,2444
22,0.8477337016106247,1.0144416424431542,2468
