tasa_inf,desviacion_general,agr,tiempo
6,0.6351172546152838,0.6805830566605191,2300
12,0.7428792698778333,0.8338108739683039,2354
14,0.6185500760167751,0.7246369474556575,2288
8,0.7188233532351321,0.7794444226287792,2463
20,0.7419264724428859,0.8934791459270035,2347
