tasa_inf,desviacion_general,agr,tiempo
11,0.6080390203227128,0.6913929907389775,2691
8,0.660986977098914,0.721608046492561,2609
11,0.6186055777069909,0.7019595481232556,2605
4,0.6943252474659661,0.7246357821627897,2623
22,0.7264873762434317,0.8931953170759611,2646
