tasa_inf,desviacion_general,agr,tiempo
20,0.7462170909162799,0.8977697644003975,2498
13,0.7407792712200113,0.8392885089846878,2426
10,0.621585172456229,0.6973615091982879,2408
7,0.5991574311339336,0.6522008668533747,2424
8,0.6043377242818061,0.6649587936754532,2332
