Tasa infeasibility,Desviación general,Agregado,Tiempo de ejecución (ms)
7,0.6136698212585483,0.6667132569779894,3927
32,0.9155401146973049,1.1580243922718931,4467
26,0.8926492675502653,1.0896677430796182,3921
12,0.611482762996621,0.7024143670870916,3853
14,0.6146091483746247,0.7206960198135071,3710
