tasa_inf,desviacion_general,agr,tiempo
6,0.5866046119906502,0.6320704140358855,4419
10,0.6002916148354192,0.676067951577478,4276
9,0.6103522427871289,0.6785509458549818,3437
7,0.5903091660939989,0.64335260181344,2811
8,0.6085158603093318,0.6691369297029789,2617
