Tasa infeasibility,Desviación general,Agregado,Tiempo de ejecución (ms)
12,0.608043346378656,0.6989749504691266,4272
27,0.995593923924787,1.2001900331283457,5396
17,0.8396332093599485,0.9684529818214485,6214
8,0.6072815894833096,0.6679026588769567,6142
21,0.7670950690629785,0.9262253762213021,6106
