Tasa infeasibility,Desviación general,Agregado,Tiempo de ejecución (ms)
4,0.6943252474659662,0.7246357821627898,2389
7,0.6098246948138742,0.6628681305333154,2313
11,0.6128804263795428,0.6962343967958075,2512
9,0.5949142368057153,0.6631129398735682,2280
7,0.6047339806086572,0.6577774163280984,2410
