tasa_inf,desviacion_general,agr,tiempo
7,0.6090527284859625,0.6620961642054036,2530
22,0.7523960760125235,0.9191040168450528,2500
4,0.6638112579317116,0.6941217926285351,2567
14,0.7659455906602209,0.8720324620991033,2335
5,0.6009106768445092,0.6387988452155385,2527
