Tasa infeasibility,Desviación general,Agregado,Tiempo de ejecución (ms)
14,0.6143923662277387,0.7204792376666211,3020
10,0.7203022704695562,0.796078607211615,3182
22,0.6602604843187364,0.8269684251512658,2985
28,0.83642892781476,1.0486026706925247,2954
14,0.7676053985585745,0.8736922699974567,3048
