Tasa infeasibility,Desviación general,Agregado,Tiempo de ejecución (ms)
15,0.619950398549463,0.7336149036625512,3057
14,0.6185141358934271,0.7246010073323095,3021
3,0.7747474484023013,0.7974803494249189,2787
7,0.6873098765299811,0.7403533122494222,3129
27,0.7639330866858389,0.9685291958893978,2764
