tasa_inf,desviacion_general,agr,tiempo
12,0.5957453254365876,0.6866769295270583,2441
5,0.6052590533582742,0.6431472217293036,2620
17,0.8479650948792815,0.9767848673407815,2851
4,0.6879151559248908,0.7182256906217144,2499
11,0.6089515279147963,0.692305498331061,2519
