Tasa infeasibility,Desviación general,Agregado,Tiempo de ejecución (ms)
13,0.6105067749310085,0.7090160126956849,2533
10,0.6200488871461375,0.6958252238881963,2416
7,0.6848012632387704,0.7378446989582116,2467
10,0.6007545285266765,0.6765308652687354,2467
14,0.6036905814906145,0.7097774529294969,2463
