tasa_inf,desviacion_general,agr,tiempo
5,0.5991270236357432,0.6370151920067726,2972
6,0.6087274442312021,0.6541932462764374,2813
10,0.6147097111245164,0.6904860478665753,2675
8,0.5985669655208287,0.6591880349144758,2761
6,0.5978710779679536,0.6433368800131889,2703
