tasa_inf,desviacion_general,agr,tiempo
8,0.6561699627198763,0.7167910321135234,3308
4,0.7022356905973901,0.7325462252942136,3254
9,0.5933193611802441,0.661518064248097,3133
6,0.6256623057053713,0.6711281077506066,3126
5,0.6968879234785909,0.7347760918496202,3390
