algoritmo,tasa_inf,desviacion_general,agr,tiempo
age_sf,10,0.6940627331768395,0.7698390699188983,2634
age_un,13,0.6910943785020957,0.7865725627970896,2342
agg_sf,12,0.691459285237582,0.7823908893280527,2351
agg_un,13,0.667469789366692,0.7659790271313685,2293
am_10_01,9,0.6718086573980139,0.7369763069961843,2283
am_10_01_mejores,8,0.5992146992033058,0.6598357685969529,3512
am_10_1,7,0.6548550487362945,0.7033519042512122,3243
bl,12,0.6344431346642564,0.7208281585502034,131
greedy,2,0.9442102978796969,0.9533034582887439,1
