Tasa infeasibility,Desviación general,Agregado,Tiempo de ejecución (ms)
14,0.6127971649964847,0.718884036435367,151
8,0.6944609479866678,0.7550820173803149,109
13,0.6213911831718113,0.7199004209364878,172
10,0.6344958648913457,0.7102722016334045,111
12,0.6090705122749724,0.7000021163654431,110
