Tasa infeasibility,Desviación general,Agregado,Tiempo de ejecución (ms)
57,0.1876131678451592,0.2437035010868326,7105
64,0.1878938950079106,0.25087251478803513,7127
53,0.191048725936313,0.24320289544172863,7197
57,0.1882132263235872,0.24430355956526062,7143
57,0.18838212934727339,0.2444724625889468,7113
