Tasa infeasibility,Desviación general,Agregado,Tiempo de ejecución (ms)
45,0.18149515132309332,0.22577699335599338,8457
46,0.18691118281012478,0.2321770657770893,8083
107,0.23321918745213485,0.3385115673970306,8382
39,0.19700471274122924,0.23538230916974265,8287
33,0.2108495420611471,0.2433228928852738,8330
