Tasa infeasibility,Desviación general,Agregado,Tiempo de ejecución (ms)
12,0.2339553575901991,0.24576384879897245,6698
53,0.18988641134058198,0.2420405808459976,7230
16,0.24441390655937204,0.2601585615044032,7517
41,0.18242189999950442,0.2227675782961467,7699
49,0.19085949834947685,0.2390775041186347,7104
