tasa_inf,desviacion_general,agr,tiempo
49,0.19462643836463153,0.2428444441337894,7987
47,0.18608753738336564,0.23233746128439461,7725
46,0.18624278838604022,0.23150867135300474,7812
54,0.1878968825363023,0.24103509297578238,7736
9,0.24567699628819373,0.2545333646947737,8122
