Tasa infeasibility,Desviación general,Agregado,Tiempo de ejecución (ms)
20,0.24377607751041563,0.26345689619170454,8906
49,0.198504604624487,0.24672261039364485,8692
24,0.24122671364676437,0.2648436960643111,8733
52,0.19074716583449217,0.24191729440584336,8863
26,0.2297814372495452,0.2553665015352208,8246
