Tasa infeasibility,Desviación general,Agregado,Tiempo de ejecución (ms)
57,0.18592390420342064,0.24201423744509407,10533
55,0.19094680334442868,0.24506905471797322,10740
41,0.2107680903870855,0.2511137686837278,11246
62,0.18728469051628396,0.2482952284282796,10470
42,0.19822198347069087,0.23955170270139758,13023
