tasa_inf,desviacion_general,agr,tiempo
47,0.18580550454050862,0.2320554284415376,8228
50,0.1878800359680483,0.23708208267127062,7942
57,0.18799401722391623,0.24408435046558966,8021
40,0.21059011224494206,0.2499517496075199,8164
126,0.22106220803137688,0.3450513657234971,8175
