Tasa infeasibility,Desviación general,Agregado,Tiempo de ejecución (ms)
37,0.2216650781751257,0.2580745927355102,7294
50,0.18804721728400184,0.23724926398722415,7298
31,0.2399695090282971,0.2704747779842949,7352
29,0.24594715010794133,0.2744843371958103,7420
161,0.24423963938002227,0.4026702297643981,7453
