Tasa infeasibility,Desviación general,Agregado,Tiempo de ejecución (ms)
46,0.2566058503704786,0.3018717333374431,7305
57,0.18792470019139818,0.2440150334330716,6946
118,0.2243190063202791,0.34043583653988374,6907
45,0.20214191069313078,0.24642375272603084,6963
50,0.19546488761593422,0.24466693431915654,6878
