Tasa infeasibility,Desviación general,Agregado,Tiempo de ejecución (ms)
16,0.2496355427589834,0.26538019770401455,6958
30,0.23564847657384652,0.26516970459577993,6899
16,0.2538694980680237,0.26961415301305486,6895
12,0.2455474630831121,0.25735595429188546,6989
41,0.19113152794379906,0.23147720624044135,6740
