Tasa infeasibility,Desviación general,Agregado,Tiempo de ejecución (ms)
20,0.24362972108622688,0.2633105397675158,6765
26,0.23878072985233345,0.26436579413800904,6706
23,0.2428894619504803,0.26552240343396255,6649
25,0.2460130129057589,0.27061403625737,6706
32,0.2117027623585614,0.24319207224862366,6601
