tasa_inf,desviacion_general,agr,tiempo
81,0.20429768440705431,0.28400500006627444,8021
48,0.23610159012081544,0.28333555495590884,7930
82,0.21029655090584431,0.2909879074991289,7962
137,0.23080180912883133,0.3656154170956605,8002
72,0.20266987899714237,0.27352082624978247,7921
