tasa_inf,desviacion_general,agr,tiempo
37,0.2216650781751257,0.2580745927355102,7245
50,0.18804721728400184,0.23724926398722415,7279
31,0.2399695090282971,0.2704747779842949,7389
29,0.24594715010794133,0.2744843371958103,7310
161,0.24423963938002227,0.4026702297643981,7598
