Tasa infeasibility,Desviación general,Agregado,Tiempo de ejecución (ms)
55,0.18834617162167616,0.2424684229952207,8840
62,0.19032544698842346,0.25133598490041914,8929
40,0.1945663707288885,0.23392800809146633,8810
49,0.19142505257543957,0.23964305834459743,8922
28,0.21152304119097395,0.23907618734477845,8966
