Tasa infeasibility,Desviación general,Agregado,Tiempo de ejecución (ms)
32,0.2311746210500436,0.26266393094010587,7210
54,0.18823963027680488,0.24137784071628496,7079
17,0.24828363623706476,0.2650123321161603,7432
20,0.24351834523475577,0.2631991639160447,7344
59,0.1877020408031461,0.2457604559129484,7290
