Tasa infeasibility,Desviación general,Agregado,Tiempo de ejecución (ms)
115,0.22378846065495023,0.33695316807236153,12338
37,0.21130008468230027,0.24770959924268476,11423
49,0.1846975763660601,0.23291558213521796,13264
51,0.1885991224840303,0.23878521012131704,12503
38,0.2102681320167081,0.24766168751115705,14364
