Tasa infeasibility,Desviación general,Agregado,Tiempo de ejecución (ms)
54,0.19413924964976398,0.24727746008924406,10652
17,0.2539851559697935,0.2707138518488891,10857
60,0.18866647610627085,0.24770893215013762,10710
55,0.1880704688106273,0.24219272018417184,10705
46,0.18815942731035923,0.23342531027732374,11139
