Tasa infeasibility,Desviación general,Agregado,Tiempo de ejecución (ms)
12,0.24892621782072163,0.26073470902949497,7250
19,0.2476283275738377,0.2663251053210622,7065
53,0.1884096462737712,0.24056381577918684,7017
51,0.19503777938045858,0.24522386701774532,6972
32,0.21198134309390218,0.24347065298396445,6926
