Tasa infeasibility,Desviación general,Agregado,Tiempo de ejecución (ms)
35,0.211269177361931,0.2457106100541866,8206
53,0.19103989762866144,0.2431940671340771,8252
44,0.1920257394365827,0.23532354053541832,7896
53,0.19439990978640417,0.24655407929181983,8246
52,0.1891640595613868,0.240334188132738,8294
