tasa_inf,desviacion_general,agr,tiempo
14,0.24677938757860482,0.26055596065550707,13283
55,0.18823668451892578,0.24235893589247032,11237
17,0.23975197033452864,0.2564806662136242,8723
57,0.18619424009880772,0.24228457334048115,8594
48,0.19516494470499884,0.24239890954009224,8498
