Tasa infeasibility,Desviación general,Agregado,Tiempo de ejecución (ms)
60,0.18819325978038526,0.24723571582425202,14013
53,0.19809918641497354,0.25025335592038916,14148
13,0.2479779294080422,0.26077046155088,13305
59,0.1903609777341359,0.2484193928439382,12967
21,0.24826683475962555,0.26893169437497894,12806
