Tasa infeasibility,Desviación general,Agregado,Tiempo de ejecución (ms)
55,0.18712379144761546,0.24124604282116,6417
53,0.18591786863820317,0.23807203814361882,6806
33,0.21255804830301125,0.24503139912713798,6526
31,0.21277701941400712,0.24328228837000496,6314
52,0.18621930435817285,0.23738943292952405,6407
