tasa_inf,desviacion_general,agr,tiempo
32,0.2311746210500436,0.26266393094010587,6979
54,0.18823963027680488,0.24137784071628496,7027
17,0.24828363623706476,0.2650123321161603,7420
20,0.24351834523475577,0.2631991639160447,7354
59,0.1877020408031461,0.2457604559129484,7340
