Tasa infeasibility,Desviación general,Agregado,Tiempo de ejecución (ms)
31,0.2119836543178387,0.24248892327383653,594
27,0.23911692641750218,0.26568603163724225,344
54,0.18835655235079413,0.2414947627902742,596
29,0.21233367832583622,0.24087086541370514,382
35,0.23882694667824422,0.27326837937049986,374
