Tasa infeasibility,| Desviación general - distancia óptima |,Agregado,Tiempo de ejecución (ms)
6,0.0012315187645065562,0.36896272683988013,1
3,0.011174325099244875,0.3784164479014382,2
1,0.016337015182079473,0.38161105611614393,2
3,0.012581705951032418,0.37982382875322573,2
7,0.0331466025748583,0.40432488911330944,2
